River_name,pH
Fair,8.968143
Fair,9.11974
Fair,9.413058
Fair,8.665746
Fair,9.937042
Fair,8.280083
Fair,7.864158
Fair,7.509577
Fair,9.181173
Fair,7.676255
Elstone,6.670441
Elstone,5.828061
Elstone,6.840394
Elstone,6.860779
Elstone,5.892154
Elstone,7.422487
Elstone,6.563322
Elstone,5.993992
Elstone,5.326895
Elstone,6.687078
